name,color,aroma,regions
Васильки,Белый,слабый,Европа
Васильки,Белый,слабый,Америка
Васильки,Белый,умеренный,Америка
Васильки,Белый,умеренный,Австралия
Васильки,Белый,умеренный,Азия
Васильки,Белый,сильный,Австралия
Васильки,Бордовый,слабый,Америка
Васильки,Бордовый,слабый,Австралия
Васильки,Бордовый,умеренный,Азия
Васильки,Бордовый,умеренный,Африка
Васильки,Бордовый,умеренный,Средняя полоса
Васильки,Бордовый,умеренный,Америка
Васильки,Бордовый,умеренный,Азия
Васильки,Бордовый,умеренный,Европа
Васильки,Бордовый,сильный,Субтропики
Васильки,Бордовый,сильный,Африка
Васильки,Бордовый,сильный,Европа
Васильки,Жёлтый,слабый,Америка
Васильки,Жёлтый,слабый,Субтропики
Васильки,Жёлтый,умеренный,Субтропики
Васильки,Жёлтый,умеренный,Азия
Васильки,Жёлтый,сильный,Америка
Васильки,Жёлтый,сильный,Европа
Васильки,Красный,слабый,Америка
Васильки,Красный,слабый,Тропики
Васильки,Красный,слабый,Субтропики
Васильки,Красный,слабый,Азия
Васильки,Красный,умеренный,Тропики
Васильки,Красный,умеренный,Тропики
Васильки,Оранжевый,слабый,Средняя полоса
Васильки,Оранжевый,слабый,Европа
Васильки,Оранжевый,умеренный,Австралия
Васильки,Оранжевый,умеренный,Субтропики
Васильки,Оранжевый,умеренный,Австралия
Васильки,Оранжевый,умеренный,Австралия
Васильки,Оранжевый,умеренный,Средняя полоса
Васильки,Оранжевый,сильный,Африка
Васильки,Розовый,слабый,Тропики
Васильки,Розовый,слабый,Азия
Васильки,Розовый,слабый,Америка
Васильки,Розовый,умеренный,Тропики
Васильки,Розовый,сильный,Европа
Васильки,Розовый,сильный,Тропики
Васильки,Синий,слабый,Тропики
Васильки,Синий,слабый,Европа
Васильки,Синий,слабый,Средняя полоса
Васильки,Синий,слабый,Австралия
Васильки,Синий,слабый,Африка
Васильки,Синий,умеренный,Тропики
Васильки,Синий,умеренный,Средняя полоса
Васильки,Синий,умеренный,Америка
Васильки,Синий,умеренный,Азия
Васильки,Синий,умеренный,Австралия
Васильки,Синий,сильный,Африка
Васильки,Синий,сильный,Средняя полоса
Васильки,Синий,сильный,Европа
Васильки,Фиолетовый,слабый,Азия
Васильки,Фиолетовый,умеренный,Африка
Васильки,Фиолетовый,умеренный,Австралия
Васильки,Фиолетовый,умеренный,Субтропики
Васильки,Фиолетовый,умеренный,Австралия
Васильки,Фиолетовый,сильный,Средняя полоса
Васильки,Фиолетовый,сильный,Средняя полоса
Гвоздика,Белый,слабый,Европа
Гвоздика,Белый,слабый,Тропики
Гвоздика,Белый,умеренный,Австралия
Гвоздика,Белый,сильный,Азия
Гвоздика,Белый,сильный,Средняя полоса
Гвоздика,Бордовый,слабый,Австралия
Гвоздика,Бордовый,слабый,Тропики
Гвоздика,Бордовый,умеренный,Азия
Гвоздика,Бордовый,сильный,Европа
Гвоздика,Жёлтый,слабый,Австралия
Гвоздика,Жёлтый,слабый,Австралия
Гвоздика,Жёлтый,умеренный,Средняя полоса
Гвоздика,Жёлтый,умеренный,Тропики
Гвоздика,Жёлтый,умеренный,Австралия
Гвоздика,Жёлтый,сильный,Тропики
Гвоздика,Жёлтый,сильный,Тропики
Гвоздика,Жёлтый,сильный,Субтропики
Гвоздика,Жёлтый,сильный,Субтропики
Гвоздика,Красный,слабый,Субтропики
Гвоздика,Красный,слабый,Австралия
Гвоздика,Красный,слабый,Африка
Гвоздика,Красный,умеренный,Европа
Гвоздика,Красный,умеренный,Тропики
Гвоздика,Красный,умеренный,Америка
Гвоздика,Красный,умеренный,Тропики
Гвоздика,Красный,сильный,Тропики
Гвоздика,Красный,сильный,Средняя полоса
Гвоздика,Красный,сильный,Америка
Гвоздика,Оранжевый,слабый,Азия
Гвоздика,Оранжевый,слабый,Америка
Гвоздика,Оранжевый,слабый,Австралия
Гвоздика,Оранжевый,умеренный,Тропики
Гвоздика,Оранжевый,сильный,Средняя полоса
Гвоздика,Оранжевый,сильный,Америка
Гвоздика,Розовый,слабый,Австралия
Гвоздика,Розовый,слабый,Африка
Гвоздика,Розовый,слабый,Америка
Гвоздика,Розовый,слабый,Европа
Гвоздика,Розовый,умеренный,Тропики
Гвоздика,Розовый,умеренный,Тропики
Гвоздика,Розовый,умеренный,Австралия
Гвоздика,Розовый,умеренный,Америка
Гвоздика,Розовый,сильный,Тропики
Гвоздика,Розовый,сильный,Австралия
Гвоздика,Синий,слабый,Америка
Гвоздика,Синий,слабый,Америка
Гвоздика,Синий,слабый,Америка
Гвоздика,Синий,слабый,Америка
Гвоздика,Синий,слабый,Тропики
Гвоздика,Синий,умеренный,Австралия
Гвоздика,Синий,умеренный,Азия
Гвоздика,Синий,умеренный,Средняя полоса
Гвоздика,Синий,умеренный,Европа
Гвоздика,Синий,умеренный,Субтропики
Гвоздика,Синий,умеренный,Америка
Гвоздика,Синий,умеренный,Европа
Гвоздика,Синий,сильный,Африка
Гвоздика,Синий,сильный,Африка
Гвоздика,Синий,сильный,Америка
Гвоздика,Фиолетовый,слабый,Америка
Гвоздика,Фиолетовый,слабый,Азия
Гвоздика,Фиолетовый,слабый,Австралия
Гвоздика,Фиолетовый,умеренный,Европа
Гвоздика,Фиолетовый,умеренный,Австралия
Гвоздика,Фиолетовый,умеренный,Субтропики
Гвоздика,Фиолетовый,умеренный,Европа
Гвоздика,Фиолетовый,сильный,Австралия
Гвоздика,Фиолетовый,сильный,Азия
Гвоздика,Фиолетовый,сильный,Тропики
Гвоздика,Фиолетовый,сильный,Тропики
Гвоздика,Фиолетовый,сильный,Америка
Ирис,Белый,слабый,Африка
Ирис,Белый,слабый,Средняя полоса
Ирис,Белый,слабый,Субтропики
Ирис,Белый,слабый,Средняя полоса
Ирис,Белый,слабый,Африка
Ирис,Белый,умеренный,Тропики
Ирис,Белый,умеренный,Азия
Ирис,Белый,умеренный,Средняя полоса
Ирис,Белый,умеренный,Африка
Ирис,Белый,умеренный,Средняя полоса
Ирис,Белый,умеренный,Америка
Ирис,Белый,сильный,Субтропики
Ирис,Белый,сильный,Америка
Ирис,Бордовый,слабый,Азия
Ирис,Бордовый,слабый,Австралия
Ирис,Бордовый,слабый,Африка
Ирис,Бордовый,слабый,Америка
Ирис,Бордовый,слабый,Субтропики
Ирис,Бордовый,слабый,Америка
Ирис,Бордовый,слабый,Австралия
Ирис,Бордовый,слабый,Европа
Ирис,Бордовый,умеренный,Европа
Ирис,Бордовый,умеренный,Америка
Ирис,Бордовый,умеренный,Средняя полоса
Ирис,Бордовый,умеренный,Америка
Ирис,Бордовый,умеренный,Средняя полоса
Ирис,Бордовый,сильный,Европа
Ирис,Бордовый,сильный,Африка
Ирис,Бордовый,сильный,Средняя полоса
Ирис,Бордовый,сильный,Средняя полоса
Ирис,Бордовый,сильный,Азия
Ирис,Жёлтый,слабый,Австралия
Ирис,Жёлтый,слабый,Европа
Ирис,Жёлтый,умеренный,Австралия
Ирис,Жёлтый,умеренный,Субтропики
Ирис,Красный,слабый,Америка
Ирис,Красный,слабый,Тропики
Ирис,Красный,слабый,Тропики
Ирис,Красный,умеренный,Европа
Ирис,Красный,умеренный,Африка
Ирис,Красный,умеренный,Азия
Ирис,Красный,умеренный,Субтропики
Ирис,Красный,сильный,Европа
Ирис,Красный,сильный,Америка
Ирис,Красный,сильный,Тропики
Ирис,Красный,сильный,Тропики
Ирис,Красный,сильный,Австралия
Ирис,Оранжевый,слабый,Европа
Ирис,Оранжевый,умеренный,Азия
Ирис,Оранжевый,умеренный,Австралия
Ирис,Оранжевый,умеренный,Австралия
Ирис,Оранжевый,умеренный,Европа
Ирис,Оранжевый,сильный,Африка
Ирис,Оранжевый,сильный,Субтропики
Ирис,Оранжевый,сильный,Тропики
Ирис,Розовый,слабый,Австралия
Ирис,Розовый,слабый,Америка
Ирис,Розовый,слабый,Азия
Ирис,Розовый,слабый,Средняя полоса
Ирис,Розовый,умеренный,Субтропики
Ирис,Розовый,умеренный,Средняя полоса
Ирис,Розовый,умеренный,Субтропики
Ирис,Розовый,сильный,Субтропики
Ирис,Розовый,сильный,Азия
Ирис,Розовый,сильный,Европа
Ирис,Синий,умеренный,Субтропики
Ирис,Синий,умеренный,Субтропики
Ирис,Синий,умеренный,Азия
Ирис,Синий,умеренный,Африка
Ирис,Синий,сильный,Средняя полоса
Ирис,Синий,сильный,Африка
Ирис,Синий,сильный,Африка
Ирис,Синий,сильный,Средняя полоса
Ирис,Фиолетовый,слабый,Азия
Ирис,Фиолетовый,слабый,Средняя полоса
Ирис,Фиолетовый,слабый,Африка
Ирис,Фиолетовый,умеренный,Средняя полоса
Ирис,Фиолетовый,умеренный,Америка
Ирис,Фиолетовый,умеренный,Тропики
Ирис,Фиолетовый,умеренный,Австралия
Ирис,Фиолетовый,сильный,Австралия
Ирис,Фиолетовый,сильный,Европа
Ирис,Фиолетовый,сильный,Средняя полоса
Ирис,Фиолетовый,сильный,Австралия
Ирис,Фиолетовый,сильный,Америка
Лаванда,Белый,слабый,Европа
Лаванда,Белый,умеренный,Тропики
Лаванда,Белый,умеренный,Азия
Лаванда,Белый,умеренный,Европа
Лаванда,Белый,умеренный,Европа
Лаванда,Белый,сильный,Тропики
Лаванда,Белый,сильный,Америка
Лаванда,Белый,сильный,Субтропики
Лаванда,Белый,сильный,Африка
Лаванда,Бордовый,слабый,Азия
Лаванда,Бордовый,умеренный,Австралия
Лаванда,Бордовый,умеренный,Америка
Лаванда,Бордовый,сильный,Азия
Лаванда,Бордовый,сильный,Средняя полоса
Лаванда,Жёлтый,умеренный,Средняя полоса
Лаванда,Жёлтый,умеренный,Европа
Лаванда,Жёлтый,умеренный,Субтропики
Лаванда,Жёлтый,сильный,Средняя полоса
Лаванда,Жёлтый,сильный,Тропики
Лаванда,Жёлтый,сильный,Австралия
Лаванда,Красный,слабый,Тропики
Лаванда,Красный,умеренный,Субтропики
Лаванда,Красный,умеренный,Африка
Лаванда,Красный,умеренный,Америка
Лаванда,Красный,умеренный,Америка
Лаванда,Красный,умеренный,Европа
Лаванда,Красный,умеренный,Африка
Лаванда,Красный,сильный,Азия
Лаванда,Красный,сильный,Средняя полоса
Лаванда,Оранжевый,слабый,Америка
Лаванда,Оранжевый,слабый,Европа
Лаванда,Оранжевый,умеренный,Азия
Лаванда,Оранжевый,умеренный,Австралия
Лаванда,Оранжевый,умеренный,Средняя полоса
Лаванда,Оранжевый,умеренный,Средняя полоса
Лаванда,Оранжевый,умеренный,Субтропики
Лаванда,Оранжевый,сильный,Субтропики
Лаванда,Оранжевый,сильный,Европа
Лаванда,Розовый,слабый,Субтропики
Лаванда,Розовый,слабый,Тропики
Лаванда,Розовый,слабый,Австралия
Лаванда,Розовый,умеренный,Австралия
Лаванда,Розовый,умеренный,Европа
Лаванда,Розовый,умеренный,Средняя полоса
Лаванда,Розовый,сильный,Африка
Лаванда,Розовый,сильный,Америка
Лаванда,Розовый,сильный,Америка
Лаванда,Розовый,сильный,Европа
Лаванда,Синий,слабый,Австралия
Лаванда,Синий,сильный,Америка
Лаванда,Синий,сильный,Америка
Лаванда,Синий,сильный,Тропики
Лаванда,Синий,сильный,Тропики
Лаванда,Фиолетовый,слабый,Азия
Лаванда,Фиолетовый,слабый,Субтропики
Лаванда,Фиолетовый,умеренный,Азия
Лаванда,Фиолетовый,умеренный,Австралия
Лаванда,Фиолетовый,умеренный,Америка
Лаванда,Фиолетовый,умеренный,Субтропики
Лаванда,Фиолетовый,умеренный,Азия
Лаванда,Фиолетовый,сильный,Австралия
Лаванда,Фиолетовый,сильный,Азия
Лаванда,Фиолетовый,сильный,Тропики
Лилия,Белый,слабый,Америка
Лилия,Белый,слабый,Азия
Лилия,Белый,слабый,Тропики
Лилия,Белый,слабый,Азия
Лилия,Белый,умеренный,Австралия
Лилия,Белый,сильный,Азия
Лилия,Белый,сильный,Австралия
Лилия,Белый,сильный,Субтропики
Лилия,Бордовый,слабый,Азия
Лилия,Бордовый,слабый,Америка
Лилия,Бордовый,слабый,Африка
Лилия,Бордовый,слабый,Тропики
Лилия,Бордовый,умеренный,Средняя полоса
Лилия,Бордовый,умеренный,Азия
Лилия,Бордовый,умеренный,Африка
Лилия,Бордовый,сильный,Австралия
Лилия,Бордовый,сильный,Австралия
Лилия,Жёлтый,слабый,Азия
Лилия,Жёлтый,слабый,Африка
Лилия,Жёлтый,умеренный,Америка
Лилия,Жёлтый,умеренный,Тропики
Лилия,Жёлтый,умеренный,Субтропики
Лилия,Жёлтый,умеренный,Африка
Лилия,Жёлтый,умеренный,Америка
Лилия,Жёлтый,сильный,Азия
Лилия,Жёлтый,сильный,Америка
Лилия,Жёлтый,сильный,Африка
Лилия,Красный,слабый,Тропики
Лилия,Красный,слабый,Субтропики
Лилия,Красный,слабый,Субтропики
Лилия,Красный,слабый,Австралия
Лилия,Красный,умеренный,Америка
Лилия,Красный,умеренный,Тропики
Лилия,Красный,сильный,Субтропики
Лилия,Красный,сильный,Субтропики
Лилия,Красный,сильный,Африка
Лилия,Красный,сильный,Австралия
Лилия,Оранжевый,слабый,Средняя полоса
Лилия,Оранжевый,слабый,Субтропики
Лилия,Оранжевый,слабый,Америка
Лилия,Оранжевый,умеренный,Азия
Лилия,Оранжевый,сильный,Средняя полоса
Лилия,Оранжевый,сильный,Азия
Лилия,Розовый,слабый,Азия
Лилия,Розовый,слабый,Америка
Лилия,Розовый,слабый,Субтропики
Лилия,Розовый,умеренный,Тропики
Лилия,Розовый,умеренный,Средняя полоса
Лилия,Розовый,сильный,Европа
Лилия,Розовый,сильный,Австралия
Лилия,Розовый,сильный,Тропики
Лилия,Розовый,сильный,Африка
Лилия,Розовый,сильный,Австралия
Лилия,Розовый,сильный,Азия
Лилия,Розовый,сильный,Америка
Лилия,Синий,слабый,Субтропики
Лилия,Синий,слабый,Субтропики
Лилия,Синий,умеренный,Америка
Лилия,Синий,умеренный,Субтропики
Лилия,Синий,умеренный,Тропики
Лилия,Синий,умеренный,Америка
Лилия,Синий,сильный,Тропики
Лилия,Фиолетовый,слабый,Субтропики
Лилия,Фиолетовый,слабый,Америка
Лилия,Фиолетовый,слабый,Субтропики
Лилия,Фиолетовый,слабый,Субтропики
Лилия,Фиолетовый,умеренный,Африка
Лилия,Фиолетовый,умеренный,Америка
Лилия,Фиолетовый,умеренный,Азия
Лилия,Фиолетовый,сильный,Африка
Лилия,Фиолетовый,сильный,Европа
Лилия,Фиолетовый,сильный,Средняя полоса
Лилия,Фиолетовый,сильный,Тропики
Мак,Белый,слабый,Тропики
Мак,Белый,слабый,Америка
Мак,Белый,слабый,Азия
Мак,Белый,умеренный,Средняя полоса
Мак,Белый,умеренный,Азия
Мак,Белый,сильный,Америка
Мак,Бордовый,слабый,Тропики
Мак,Бордовый,слабый,Африка
Мак,Бордовый,слабый,Субтропики
Мак,Бордовый,слабый,Азия
Мак,Бордовый,умеренный,Тропики
Мак,Бордовый,умеренный,Австралия
Мак,Бордовый,сильный,Америка
Мак,Бордовый,сильный,Европа
Мак,Бордовый,сильный,Америка
Мак,Жёлтый,слабый,Африка
Мак,Жёлтый,умеренный,Австралия
Мак,Жёлтый,сильный,Америка
Мак,Жёлтый,сильный,Америка
Мак,Красный,слабый,Субтропики
Мак,Красный,слабый,Африка
Мак,Красный,слабый,Австралия
Мак,Красный,слабый,Африка
Мак,Красный,слабый,Америка
Мак,Красный,умеренный,Америка
Мак,Красный,умеренный,Тропики
Мак,Красный,умеренный,Европа
Мак,Красный,сильный,Субтропики
Мак,Оранжевый,умеренный,Средняя полоса
Мак,Оранжевый,умеренный,Средняя полоса
Мак,Оранжевый,умеренный,Африка
Мак,Оранжевый,умеренный,Африка
Мак,Оранжевый,умеренный,Америка
Мак,Оранжевый,сильный,Европа
Мак,Оранжевый,сильный,Австралия
Мак,Розовый,слабый,Средняя полоса
Мак,Розовый,слабый,Африка
Мак,Розовый,умеренный,Австралия
Мак,Розовый,сильный,Африка
Мак,Розовый,сильный,Австралия
Мак,Розовый,сильный,Азия
Мак,Синий,слабый,Австралия
Мак,Синий,слабый,Средняя полоса
Мак,Синий,умеренный,Австралия
Мак,Синий,умеренный,Африка
Мак,Синий,умеренный,Азия
Мак,Синий,умеренный,Средняя полоса
Мак,Синий,умеренный,Тропики
Мак,Фиолетовый,слабый,Австралия
Мак,Фиолетовый,слабый,Средняя полоса
Мак,Фиолетовый,слабый,Субтропики
Мак,Фиолетовый,слабый,Америка
Мак,Фиолетовый,слабый,Америка
Мак,Фиолетовый,умеренный,Средняя полоса
Мак,Фиолетовый,сильный,Африка
Мак,Фиолетовый,сильный,Африка
Нарцисс,Белый,слабый,Африка
Нарцисс,Белый,слабый,Европа
Нарцисс,Белый,слабый,Америка
Нарцисс,Белый,умеренный,Европа
Нарцисс,Белый,умеренный,Субтропики
Нарцисс,Белый,сильный,Америка
Нарцисс,Бордовый,слабый,Тропики
Нарцисс,Бордовый,умеренный,Азия
Нарцисс,Жёлтый,слабый,Австралия
Нарцисс,Жёлтый,слабый,Африка
Нарцисс,Жёлтый,слабый,Субтропики
Нарцисс,Жёлтый,умеренный,Африка
Нарцисс,Жёлтый,сильный,Тропики
Нарцисс,Жёлтый,сильный,Азия
Нарцисс,Красный,умеренный,Африка
Нарцисс,Красный,умеренный,Африка
Нарцисс,Красный,умеренный,Средняя полоса
Нарцисс,Красный,сильный,Субтропики
Нарцисс,Оранжевый,слабый,Африка
Нарцисс,Оранжевый,умеренный,Тропики
Нарцисс,Оранжевый,умеренный,Африка
Нарцисс,Оранжевый,умеренный,Средняя полоса
Нарцисс,Оранжевый,сильный,Африка
Нарцисс,Оранжевый,сильный,Европа
Нарцисс,Розовый,слабый,Европа
Нарцисс,Розовый,слабый,Америка
Нарцисс,Розовый,слабый,Тропики
Нарцисс,Розовый,слабый,Субтропики
Нарцисс,Розовый,умеренный,Австралия
Нарцисс,Розовый,сильный,Европа
Нарцисс,Розовый,сильный,Африка
Нарцисс,Синий,слабый,Австралия
Нарцисс,Синий,слабый,Австралия
Нарцисс,Синий,слабый,Америка
Нарцисс,Синий,умеренный,Америка
Нарцисс,Синий,умеренный,Субтропики
Нарцисс,Синий,умеренный,Тропики
Нарцисс,Синий,сильный,Австралия
Нарцисс,Синий,сильный,Африка
Нарцисс,Фиолетовый,слабый,Азия
Нарцисс,Фиолетовый,умеренный,Европа
Нарцисс,Фиолетовый,умеренный,Европа
Нарцисс,Фиолетовый,сильный,Азия
Нарцисс,Фиолетовый,сильный,Азия
Нарцисс,Фиолетовый,сильный,Австралия
Нарцисс,Фиолетовый,сильный,Европа
Нарцисс,Фиолетовый,сильный,Азия
Незабудка,Белый,слабый,Тропики
Незабудка,Белый,слабый,Тропики
Незабудка,Белый,слабый,Средняя полоса
Незабудка,Белый,умеренный,Азия
Незабудка,Белый,умеренный,Средняя полоса
Незабудка,Белый,умеренный,Австралия
Незабудка,Белый,сильный,Европа
Незабудка,Белый,сильный,Америка
Незабудка,Белый,сильный,Австралия
Незабудка,Белый,сильный,Средняя полоса
Незабудка,Белый,сильный,Субтропики
Незабудка,Бордовый,слабый,Австралия
Незабудка,Бордовый,слабый,Тропики
Незабудка,Бордовый,слабый,Европа
Незабудка,Бордовый,слабый,Африка
Незабудка,Бордовый,умеренный,Тропики
Незабудка,Бордовый,сильный,Австралия
Незабудка,Бордовый,сильный,Тропики
Незабудка,Бордовый,сильный,Тропики
Незабудка,Жёлтый,слабый,Азия
Незабудка,Жёлтый,умеренный,Тропики
Незабудка,Жёлтый,сильный,Азия
Незабудка,Жёлтый,сильный,Субтропики
Незабудка,Жёлтый,сильный,Субтропики
Незабудка,Красный,слабый,Африка
Незабудка,Красный,слабый,Африка
Незабудка,Красный,слабый,Австралия
Незабудка,Красный,умеренный,Африка
Незабудка,Красный,умеренный,Австралия
Незабудка,Красный,умеренный,Азия
Незабудка,Красный,умеренный,Австралия
Незабудка,Красный,сильный,Америка
Незабудка,Оранжевый,слабый,Европа
Незабудка,Оранжевый,слабый,Субтропики
Незабудка,Оранжевый,слабый,Тропики
Незабудка,Оранжевый,умеренный,Европа
Незабудка,Оранжевый,умеренный,Америка
Незабудка,Оранжевый,умеренный,Австралия
Незабудка,Оранжевый,сильный,Субтропики
Незабудка,Оранжевый,сильный,Тропики
Незабудка,Оранжевый,сильный,Тропики
Незабудка,Розовый,слабый,Австралия
Незабудка,Розовый,слабый,Европа
Незабудка,Розовый,умеренный,Австралия
Незабудка,Розовый,умеренный,Средняя полоса
Незабудка,Розовый,умеренный,Субтропики
Незабудка,Розовый,сильный,Африка
Незабудка,Розовый,сильный,Тропики
Незабудка,Синий,слабый,Тропики
Незабудка,Синий,слабый,Субтропики
Незабудка,Синий,слабый,Австралия
Незабудка,Синий,умеренный,Америка
Незабудка,Синий,умеренный,Средняя полоса
Незабудка,Синий,умеренный,Африка
Незабудка,Синий,умеренный,Субтропики
Незабудка,Фиолетовый,слабый,Тропики
Незабудка,Фиолетовый,слабый,Тропики
Незабудка,Фиолетовый,слабый,Субтропики
Незабудка,Фиолетовый,слабый,Субтропики
Незабудка,Фиолетовый,слабый,Субтропики
Незабудка,Фиолетовый,умеренный,Америка
Незабудка,Фиолетовый,сильный,Азия
Незабудка,Фиолетовый,сильный,Австралия
Незабудка,Фиолетовый,сильный,Австралия
Незабудка,Фиолетовый,сильный,Субтропики
Незабудка,Фиолетовый,сильный,Субтропики
Орхидея,Белый,слабый,Африка
Орхидея,Белый,слабый,Европа
Орхидея,Белый,слабый,Тропики
Орхидея,Белый,слабый,Тропики
Орхидея,Белый,слабый,Субтропики
Орхидея,Белый,умеренный,Средняя полоса
Орхидея,Белый,сильный,Средняя полоса
Орхидея,Бордовый,слабый,Средняя полоса
Орхидея,Бордовый,слабый,Америка
Орхидея,Бордовый,умеренный,Тропики
Орхидея,Бордовый,умеренный,Азия
Орхидея,Бордовый,умеренный,Африка
Орхидея,Бордовый,умеренный,Азия
Орхидея,Бордовый,сильный,Африка
Орхидея,Бордовый,сильный,Европа
Орхидея,Бордовый,сильный,Африка
Орхидея,Жёлтый,слабый,Европа
Орхидея,Жёлтый,слабый,Европа
Орхидея,Жёлтый,умеренный,Азия
Орхидея,Жёлтый,умеренный,Тропики
Орхидея,Жёлтый,сильный,Азия
Орхидея,Красный,слабый,Африка
Орхидея,Красный,слабый,Австралия
Орхидея,Красный,умеренный,Америка
Орхидея,Красный,умеренный,Азия
Орхидея,Красный,умеренный,Европа
Орхидея,Красный,умеренный,Средняя полоса
Орхидея,Красный,умеренный,Австралия
Орхидея,Красный,умеренный,Австралия
Орхидея,Красный,умеренный,Австралия
Орхидея,Красный,сильный,Африка
Орхидея,Красный,сильный,Азия
Орхидея,Оранжевый,слабый,Европа
Орхидея,Оранжевый,слабый,Азия
Орхидея,Оранжевый,умеренный,Субтропики
Орхидея,Оранжевый,сильный,Субтропики
Орхидея,Оранжевый,сильный,Африка
Орхидея,Розовый,слабый,Австралия
Орхидея,Розовый,слабый,Австралия
Орхидея,Розовый,слабый,Тропики
Орхидея,Розовый,умеренный,Азия
Орхидея,Розовый,умеренный,Тропики
Орхидея,Синий,слабый,Америка
Орхидея,Синий,слабый,Средняя полоса
Орхидея,Синий,умеренный,Средняя полоса
Орхидея,Синий,умеренный,Европа
Орхидея,Синий,умеренный,Африка
Орхидея,Синий,сильный,Субтропики
Орхидея,Синий,сильный,Австралия
Орхидея,Синий,сильный,Америка
Орхидея,Синий,сильный,Средняя полоса
Орхидея,Фиолетовый,слабый,Европа
Орхидея,Фиолетовый,слабый,Африка
Орхидея,Фиолетовый,слабый,Австралия
Орхидея,Фиолетовый,умеренный,Азия
Орхидея,Фиолетовый,умеренный,Средняя полоса
Орхидея,Фиолетовый,умеренный,Австралия
Орхидея,Фиолетовый,умеренный,Азия
Орхидея,Фиолетовый,умеренный,Тропики
Орхидея,Фиолетовый,умеренный,Азия
Орхидея,Фиолетовый,умеренный,Австралия
Орхидея,Фиолетовый,сильный,Тропики
Орхидея,Фиолетовый,сильный,Средняя полоса
Орхидея,Фиолетовый,сильный,Тропики
Орхидея,Фиолетовый,сильный,Австралия
Пион,Белый,слабый,Африка
Пион,Белый,слабый,Европа
Пион,Белый,умеренный,Америка
Пион,Белый,умеренный,Тропики
Пион,Белый,сильный,Африка
Пион,Белый,сильный,Европа
Пион,Бордовый,слабый,Тропики
Пион,Бордовый,умеренный,Средняя полоса
Пион,Бордовый,умеренный,Средняя полоса
Пион,Жёлтый,слабый,Австралия
Пион,Жёлтый,умеренный,Австралия
Пион,Жёлтый,сильный,Европа
Пион,Жёлтый,сильный,Австралия
Пион,Жёлтый,сильный,Субтропики
Пион,Красный,слабый,Австралия
Пион,Красный,слабый,Европа
Пион,Красный,слабый,Америка
Пион,Красный,слабый,Австралия
Пион,Красный,умеренный,Африка
Пион,Красный,умеренный,Субтропики
Пион,Красный,сильный,Азия
Пион,Красный,сильный,Австралия
Пион,Красный,сильный,Австралия
Пион,Красный,сильный,Тропики
Пион,Оранжевый,слабый,Европа
Пион,Оранжевый,умеренный,Америка
Пион,Оранжевый,умеренный,Субтропики
Пион,Оранжевый,умеренный,Тропики
Пион,Оранжевый,сильный,Австралия
Пион,Розовый,слабый,Африка
Пион,Розовый,слабый,Тропики
Пион,Розовый,слабый,Средняя полоса
Пион,Розовый,умеренный,Азия
Пион,Розовый,умеренный,Субтропики
Пион,Розовый,умеренный,Азия
Пион,Розовый,умеренный,Субтропики
Пион,Розовый,умеренный,Европа
Пион,Розовый,сильный,Австралия
Пион,Розовый,сильный,Австралия
Пион,Розовый,сильный,Средняя полоса
Пион,Синий,слабый,Австралия
Пион,Синий,слабый,Азия
Пион,Синий,слабый,Средняя полоса
Пион,Синий,умеренный,Австралия
Пион,Синий,сильный,Австралия
Пион,Синий,сильный,Америка
Пион,Фиолетовый,слабый,Субтропики
Пион,Фиолетовый,слабый,Тропики
Пион,Фиолетовый,слабый,Австралия
Пион,Фиолетовый,слабый,Тропики
Пион,Фиолетовый,слабый,Европа
Пион,Фиолетовый,слабый,Тропики
Пион,Фиолетовый,умеренный,Тропики
Пион,Фиолетовый,сильный,Африка
Пион,Фиолетовый,сильный,Африка
Роза,Белый,слабый,Америка
Роза,Белый,слабый,Америка
Роза,Белый,слабый,Европа
Роза,Белый,умеренный,Австралия
Роза,Белый,умеренный,Средняя полоса
Роза,Белый,умеренный,Америка
Роза,Белый,умеренный,Австралия
Роза,Белый,сильный,Азия
Роза,Белый,сильный,Европа
Роза,Белый,сильный,Америка
Роза,Бордовый,слабый,Африка
Роза,Бордовый,слабый,Австралия
Роза,Бордовый,слабый,Африка
Роза,Бордовый,слабый,Средняя полоса
Роза,Бордовый,умеренный,Европа
Роза,Бордовый,умеренный,Америка
Роза,Бордовый,сильный,Тропики
Роза,Бордовый,сильный,Субтропики
Роза,Бордовый,сильный,Субтропики
Роза,Жёлтый,слабый,Европа
Роза,Жёлтый,слабый,Субтропики
Роза,Жёлтый,умеренный,Азия
Роза,Жёлтый,сильный,Африка
Роза,Жёлтый,сильный,Европа
Роза,Жёлтый,сильный,Европа
Роза,Жёлтый,сильный,Тропики
Роза,Красный,слабый,Средняя полоса
Роза,Красный,слабый,Субтропики
Роза,Красный,слабый,Африка
Роза,Красный,слабый,Америка
Роза,Красный,слабый,Азия
Роза,Красный,слабый,Тропики
Роза,Красный,слабый,Средняя полоса
Роза,Красный,сильный,Европа
Роза,Красный,сильный,Средняя полоса
Роза,Красный,сильный,Азия
Роза,Красный,сильный,Африка
Роза,Красный,сильный,Субтропики
Роза,Красный,сильный,Африка
Роза,Оранжевый,слабый,Австралия
Роза,Оранжевый,слабый,Тропики
Роза,Оранжевый,умеренный,Европа
Роза,Оранжевый,умеренный,Средняя полоса
Роза,Оранжевый,умеренный,Африка
Роза,Оранжевый,сильный,Средняя полоса
Роза,Оранжевый,сильный,Средняя полоса
Роза,Оранжевый,сильный,Австралия
Роза,Оранжевый,сильный,Африка
Роза,Оранжевый,сильный,Африка
Роза,Розовый,слабый,Субтропики
Роза,Розовый,слабый,Африка
Роза,Розовый,умеренный,Австралия
Роза,Розовый,умеренный,Тропики
Роза,Розовый,умеренный,Субтропики
Роза,Розовый,сильный,Азия
Роза,Розовый,сильный,Средняя полоса
Роза,Синий,слабый,Австралия
Роза,Синий,слабый,Африка
Роза,Синий,слабый,Азия
Роза,Синий,слабый,Африка
Роза,Синий,слабый,Австралия
Роза,Синий,умеренный,Европа
Роза,Синий,умеренный,Африка
Роза,Синий,сильный,Азия
Роза,Синий,сильный,Африка
Роза,Синий,сильный,Африка
Роза,Синий,сильный,Азия
Роза,Синий,сильный,Субтропики
Роза,Синий,сильный,Субтропики
Роза,Фиолетовый,слабый,Австралия
Роза,Фиолетовый,слабый,Азия
Роза,Фиолетовый,умеренный,Средняя полоса
Роза,Фиолетовый,умеренный,Азия
Роза,Фиолетовый,умеренный,Африка
Роза,Фиолетовый,умеренный,Африка
Роза,Фиолетовый,сильный,Европа
Роза,Фиолетовый,сильный,Субтропики
Роза,Фиолетовый,сильный,Средняя полоса
Роза,Фиолетовый,сильный,Америка
Роза,Фиолетовый,сильный,Азия
Ромашка,Белый,слабый,Австралия
Ромашка,Белый,слабый,Европа
Ромашка,Белый,слабый,Субтропики
Ромашка,Белый,умеренный,Америка
Ромашка,Белый,умеренный,Азия
Ромашка,Белый,умеренный,Субтропики
Ромашка,Белый,умеренный,Азия
Ромашка,Белый,сильный,Субтропики
Ромашка,Бордовый,слабый,Субтропики
Ромашка,Бордовый,слабый,Субтропики
Ромашка,Бордовый,умеренный,Средняя полоса
Ромашка,Бордовый,умеренный,Субтропики
Ромашка,Бордовый,умеренный,Азия
Ромашка,Бордовый,сильный,Австралия
Ромашка,Бордовый,сильный,Америка
Ромашка,Жёлтый,слабый,Тропики
Ромашка,Жёлтый,слабый,Америка
Ромашка,Жёлтый,слабый,Австралия
Ромашка,Жёлтый,умеренный,Америка
Ромашка,Жёлтый,умеренный,Австралия
Ромашка,Жёлтый,умеренный,Средняя полоса
Ромашка,Жёлтый,сильный,Австралия
Ромашка,Жёлтый,сильный,Америка
Ромашка,Красный,слабый,Европа
Ромашка,Красный,слабый,Америка
Ромашка,Красный,слабый,Австралия
Ромашка,Красный,умеренный,Субтропики
Ромашка,Красный,умеренный,Тропики
Ромашка,Красный,сильный,Азия
Ромашка,Красный,сильный,Африка
Ромашка,Красный,сильный,Австралия
Ромашка,Красный,сильный,Австралия
Ромашка,Красный,сильный,Тропики
Ромашка,Красный,сильный,Америка
Ромашка,Красный,сильный,Америка
Ромашка,Оранжевый,слабый,Африка
Ромашка,Оранжевый,слабый,Азия
Ромашка,Оранжевый,умеренный,Азия
Ромашка,Оранжевый,умеренный,Африка
Ромашка,Оранжевый,умеренный,Азия
Ромашка,Оранжевый,сильный,Европа
Ромашка,Оранжевый,сильный,Средняя полоса
Ромашка,Оранжевый,сильный,Субтропики
Ромашка,Розовый,слабый,Субтропики
Ромашка,Розовый,слабый,Субтропики
Ромашка,Розовый,сильный,Европа
Ромашка,Розовый,сильный,Австралия
Ромашка,Розовый,сильный,Субтропики
Ромашка,Розовый,сильный,Америка
Ромашка,Синий,слабый,Америка
Ромашка,Синий,умеренный,Субтропики
Ромашка,Синий,умеренный,Америка
Ромашка,Синий,сильный,Азия
Ромашка,Синий,сильный,Европа
Ромашка,Синий,сильный,Америка
Ромашка,Фиолетовый,слабый,Европа
Ромашка,Фиолетовый,слабый,Америка
Ромашка,Фиолетовый,слабый,Азия
Ромашка,Фиолетовый,умеренный,Европа
Ромашка,Фиолетовый,умеренный,Африка
Ромашка,Фиолетовый,умеренный,Европа
Ромашка,Фиолетовый,сильный,Америка
Тюльпан,Белый,слабый,Австралия
Тюльпан,Белый,слабый,Африка
Тюльпан,Белый,умеренный,Тропики
Тюльпан,Белый,умеренный,Азия
Тюльпан,Белый,сильный,Африка
Тюльпан,Бордовый,слабый,Австралия
Тюльпан,Бордовый,слабый,Субтропики
Тюльпан,Бордовый,слабый,Тропики
Тюльпан,Бордовый,слабый,Австралия
Тюльпан,Бордовый,умеренный,Тропики
Тюльпан,Бордовый,умеренный,Тропики
Тюльпан,Бордовый,умеренный,Тропики
Тюльпан,Бордовый,умеренный,Австралия
Тюльпан,Бордовый,умеренный,Европа
Тюльпан,Бордовый,сильный,Европа
Тюльпан,Жёлтый,слабый,Азия
Тюльпан,Жёлтый,умеренный,Средняя полоса
Тюльпан,Жёлтый,умеренный,Средняя полоса
Тюльпан,Жёлтый,умеренный,Европа
Тюльпан,Жёлтый,умеренный,Азия
Тюльпан,Жёлтый,умеренный,Субтропики
Тюльпан,Жёлтый,умеренный,Африка
Тюльпан,Жёлтый,умеренный,Азия
Тюльпан,Жёлтый,сильный,Африка
Тюльпан,Жёлтый,сильный,Европа
Тюльпан,Жёлтый,сильный,Тропики
Тюльпан,Красный,слабый,Америка
Тюльпан,Красный,слабый,Америка
Тюльпан,Красный,умеренный,Субтропики
Тюльпан,Красный,умеренный,Европа
Тюльпан,Красный,умеренный,Европа
Тюльпан,Красный,сильный,Европа
Тюльпан,Оранжевый,слабый,Америка
Тюльпан,Оранжевый,слабый,Субтропики
Тюльпан,Оранжевый,слабый,Африка
Тюльпан,Оранжевый,слабый,Азия
Тюльпан,Оранжевый,слабый,Азия
Тюльпан,Оранжевый,слабый,Азия
Тюльпан,Оранжевый,умеренный,Америка
Тюльпан,Оранжевый,умеренный,Средняя полоса
Тюльпан,Оранжевый,умеренный,Африка
Тюльпан,Оранжевый,сильный,Тропики
Тюльпан,Оранжевый,сильный,Австралия
Тюльпан,Розовый,слабый,Тропики
Тюльпан,Розовый,слабый,Азия
Тюльпан,Розовый,слабый,Америка
Тюльпан,Розовый,слабый,Африка
Тюльпан,Розовый,слабый,Австралия
Тюльпан,Розовый,слабый,Америка
Тюльпан,Розовый,слабый,Африка
Тюльпан,Розовый,слабый,Америка
Тюльпан,Розовый,умеренный,Африка
Тюльпан,Розовый,умеренный,Субтропики
Тюльпан,Розовый,умеренный,Субтропики
Тюльпан,Розовый,сильный,Европа
Тюльпан,Розовый,сильный,Азия
Тюльпан,Синий,слабый,Тропики
Тюльпан,Синий,слабый,Азия
Тюльпан,Синий,слабый,Средняя полоса
Тюльпан,Синий,слабый,Австралия
Тюльпан,Синий,слабый,Африка
Тюльпан,Синий,умеренный,Средняя полоса
Тюльпан,Синий,умеренный,Австралия
Тюльпан,Синий,умеренный,Субтропики
Тюльпан,Синий,умеренный,Средняя полоса
Тюльпан,Синий,умеренный,Африка
Тюльпан,Синий,сильный,Австралия
Тюльпан,Синий,сильный,Австралия
Тюльпан,Синий,сильный,Америка
Тюльпан,Синий,сильный,Америка
Тюльпан,Фиолетовый,слабый,Европа
Тюльпан,Фиолетовый,слабый,Европа
Тюльпан,Фиолетовый,слабый,Австралия
Тюльпан,Фиолетовый,слабый,Африка
Тюльпан,Фиолетовый,слабый,Австралия
Тюльпан,Фиолетовый,умеренный,Тропики
Тюльпан,Фиолетовый,умеренный,Субтропики
Тюльпан,Фиолетовый,умеренный,Америка
Тюльпан,Фиолетовый,сильный,Америка
Тюльпан,Фиолетовый,сильный,Америка
Тюльпан,Фиолетовый,сильный,Австралия
Фиалка,Белый,слабый,Европа
Фиалка,Белый,слабый,Азия
Фиалка,Белый,умеренный,Тропики
Фиалка,Белый,умеренный,Азия
Фиалка,Белый,сильный,Америка
Фиалка,Белый,сильный,Средняя полоса
Фиалка,Белый,сильный,Азия
Фиалка,Белый,сильный,Средняя полоса
Фиалка,Белый,сильный,Азия
Фиалка,Бордовый,слабый,Европа
Фиалка,Бордовый,слабый,Европа
Фиалка,Бордовый,слабый,Европа
Фиалка,Бордовый,умеренный,Америка
Фиалка,Бордовый,умеренный,Австралия
Фиалка,Бордовый,сильный,Европа
Фиалка,Бордовый,сильный,Америка
Фиалка,Жёлтый,слабый,Америка
Фиалка,Жёлтый,слабый,Австралия
Фиалка,Жёлтый,слабый,Европа
Фиалка,Жёлтый,умеренный,Африка
Фиалка,Жёлтый,умеренный,Азия
Фиалка,Жёлтый,сильный,Тропики
Фиалка,Жёлтый,сильный,Австралия
Фиалка,Красный,слабый,Америка
Фиалка,Красный,умеренный,Азия
Фиалка,Красный,умеренный,Америка
Фиалка,Красный,умеренный,Америка
Фиалка,Красный,умеренный,Африка
Фиалка,Красный,умеренный,Австралия
Фиалка,Красный,умеренный,Субтропики
Фиалка,Красный,умеренный,Средняя полоса
Фиалка,Красный,умеренный,Европа
Фиалка,Красный,умеренный,Европа
Фиалка,Красный,сильный,Африка
Фиалка,Красный,сильный,Америка
Фиалка,Оранжевый,слабый,Америка
Фиалка,Оранжевый,слабый,Тропики
Фиалка,Оранжевый,слабый,Австралия
Фиалка,Оранжевый,слабый,Тропики
Фиалка,Оранжевый,умеренный,Средняя полоса
Фиалка,Оранжевый,умеренный,Тропики
Фиалка,Оранжевый,умеренный,Средняя полоса
Фиалка,Оранжевый,умеренный,Америка
Фиалка,Оранжевый,умеренный,Азия
Фиалка,Оранжевый,умеренный,Средняя полоса
Фиалка,Оранжевый,сильный,Средняя полоса
Фиалка,Розовый,слабый,Австралия
Фиалка,Розовый,слабый,Африка
Фиалка,Розовый,слабый,Тропики
Фиалка,Розовый,слабый,Средняя полоса
Фиалка,Розовый,умеренный,Америка
Фиалка,Розовый,умеренный,Америка
Фиалка,Розовый,умеренный,Африка
Фиалка,Розовый,умеренный,Европа
Фиалка,Розовый,умеренный,Европа
Фиалка,Розовый,умеренный,Средняя полоса
Фиалка,Розовый,сильный,Азия
Фиалка,Розовый,сильный,Субтропики
Фиалка,Синий,слабый,Америка
Фиалка,Синий,слабый,Африка
Фиалка,Синий,слабый,Америка
Фиалка,Синий,слабый,Средняя полоса
Фиалка,Синий,слабый,Америка
Фиалка,Синий,умеренный,Тропики
Фиалка,Синий,сильный,Субтропики
Фиалка,Синий,сильный,Африка
Фиалка,Синий,сильный,Америка
Фиалка,Синий,сильный,Австралия
Фиалка,Синий,сильный,Австралия
Фиалка,Синий,сильный,Африка
Фиалка,Фиолетовый,слабый,Африка
Фиалка,Фиолетовый,слабый,Субтропики
Фиалка,Фиолетовый,слабый,Азия
Фиалка,Фиолетовый,слабый,Америка
Фиалка,Фиолетовый,умеренный,Австралия
Фиалка,Фиолетовый,умеренный,Азия
Фиалка,Фиолетовый,умеренный,Субтропики
Фиалка,Фиолетовый,сильный,Европа
Хризантема,Белый,слабый,Средняя полоса
Хризантема,Белый,слабый,Средняя полоса
Хризантема,Белый,умеренный,Средняя полоса
Хризантема,Белый,умеренный,Америка
Хризантема,Белый,умеренный,Америка
Хризантема,Белый,сильный,Азия
Хризантема,Белый,сильный,Тропики
Хризантема,Бордовый,слабый,Австралия
Хризантема,Бордовый,слабый,Америка
Хризантема,Бордовый,умеренный,Азия
Хризантема,Бордовый,умеренный,Америка
Хризантема,Бордовый,умеренный,Субтропики
Хризантема,Бордовый,умеренный,Европа
Хризантема,Жёлтый,слабый,Европа
Хризантема,Жёлтый,умеренный,Субтропики
Хризантема,Жёлтый,умеренный,Азия
Хризантема,Жёлтый,умеренный,Европа
Хризантема,Жёлтый,сильный,Африка
Хризантема,Красный,слабый,Тропики
Хризантема,Красный,слабый,Субтропики
Хризантема,Красный,слабый,Средняя полоса
Хризантема,Красный,слабый,Азия
Хризантема,Красный,умеренный,Америка
Хризантема,Красный,умеренный,Азия
Хризантема,Красный,сильный,Субтропики
Хризантема,Красный,сильный,Азия
Хризантема,Оранжевый,слабый,Субтропики
Хризантема,Оранжевый,слабый,Тропики
Хризантема,Оранжевый,слабый,Австралия
Хризантема,Оранжевый,умеренный,Австралия
Хризантема,Оранжевый,сильный,Субтропики
Хризантема,Оранжевый,сильный,Тропики
Хризантема,Розовый,слабый,Средняя полоса
Хризантема,Розовый,слабый,Америка
Хризантема,Розовый,слабый,Африка
Хризантема,Розовый,умеренный,Средняя полоса
Хризантема,Розовый,сильный,Субтропики
Хризантема,Розовый,сильный,Субтропики
Хризантема,Синий,слабый,Субтропики
Хризантема,Синий,слабый,Австралия
Хризантема,Синий,слабый,Средняя полоса
Хризантема,Синий,умеренный,Америка
Хризантема,Синий,сильный,Субтропики
Хризантема,Синий,сильный,Африка
Хризантема,Синий,сильный,Африка
Хризантема,Синий,сильный,Субтропики
Хризантема,Синий,сильный,Европа
Хризантема,Фиолетовый,слабый,Субтропики
Хризантема,Фиолетовый,слабый,Африка
Хризантема,Фиолетовый,умеренный,Австралия
Хризантема,Фиолетовый,умеренный,Субтропики
Хризантема,Фиолетовый,умеренный,Азия
Хризантема,Фиолетовый,умеренный,Америка
Хризантема,Фиолетовый,сильный,Африка
Хризантема,Фиолетовый,сильный,Африка
